{"stat.useItem.minecraft.bow":12,"stat.useItem.minecraft.quartz_block":210,"stat.useItem.minecraft.painting":22,"stat.pickup.minecraft.wooden_slab":32,"stat.leaveGame":175,"stat.drop.minecraft.gunpowder":4,"stat.drop.minecraft.redstone":192,"stat.useItem.minecraft.glowstone":311,"stat.drop.minecraft.enchanted_book":1,"stat.drop.minecraft.feather":64,"stat.drop.minecraft.coal_block":192,"stat.pickup.minecraft.leaves2":11,"stat.drop.minecraft.iron_sword":9,"stat.pickup.minecraft.rotten_flesh":207,"stat.drop.minecraft.redstone_torch":8,"stat.useItem.minecraft.sandstone_stairs":295,"stat.drop.minecraft.leather_boots":11,"stat.useItem.minecraft.vine":31,"stat.pickup.minecraft.cobblestone_wall":1,"stat.pickup.minecraft.bucket":13,"stat.useItem.minecraft.rail":273,"stat.pickup.minecraft.leather_boots":24,"stat.drop.minecraft.record_strad":3,"stat.pickup.minecraft.record_ward":2,"stat.useItem.minecraft.anvil":44,"stat.pickup.minecraft.brown_mushroom":84,"stat.pickup.minecraft.stained_hardened_clay":18,"stat.drop.minecraft.chainmail_leggings":3,"stat.drop.minecraft.diamond_chestplate":20,"stat.pickup.minecraft.melon_block":3,"stat.pickup.minecraft.record_far":3,"stat.furnaceInteraction":219,"stat.useItem.minecraft.nether_wart":22,"stat.useItem.minecraft.pumpkin_seeds":3,"stat.craftItem.minecraft.leather_helmet":2,"stat.useItem.minecraft.end_stone":29,"stat.useItem.minecraft.double_plant":135,"stat.pickup.minecraft.beef":19,"stat.pickup.minecraft.leather_helmet":27,"stat.pickup.minecraft.cauldron":4,"stat.useItem.minecraft.trapdoor":152,"stat.useItem.minecraft.stained_glass":38,"stat.useItem.minecraft.fence":288,"stat.drop.minecraft.furnace":4,"stat.drop.minecraft.lead":7,"stat.useItem.minecraft.dark_oak_door":19,"stat.useItem.minecraft.acacia_fence":40,"stat.useItem.minecraft.ice":588,"stat.pickup.minecraft.potion":58,"stat.useItem.minecraft.cauldron":12,"stat.useItem.minecraft.flint_and_steel":28,"stat.useItem.minecraft.wheat_seeds":33,"stat.useItem.minecraft.wooden_button":17,"stat.useItem.minecraft.dye":8,"stat.pickup.minecraft.lever":8,"stat.deaths":47,"stat.pickup.minecraft.bowl":119,"stat.pickup.minecraft.clock":3,"stat.pickup.minecraft.glass_pane":64,"stat.drop.minecraft.torch":1,"stat.useItem.minecraft.jukebox":1,"stat.chestOpened":1233,"stat.useItem.minecraft.stone":750,"stat.useItem.minecraft.jungle_fence":69,"stat.pickup.minecraft.arrow":490,"stat.pickup.minecraft.iron_sword":18,"stat.pickup.minecraft.wooden_pressure_plate":80,"stat.drop.minecraft.experience_bottle":128,"stat.useItem.minecraft.ender_chest":13,"stat.pickup.minecraft.gold_nugget":164,"stat.drop.minecraft.banner":12,"stat.drop.minecraft.iron_pickaxe":5,"stat.pickup.minecraft.carrot":24,"stat.drop.minecraft.stone_sword":6,"stat.crouchOneCm":52395,"stat.mineBlock.minecraft.chest":2,"stat.pickup.minecraft.rail":2,"stat.craftingTableInteraction":27,"stat.pickup.minecraft.repeater":2,"stat.pickup.minecraft.wooden_pickaxe":4,"stat.useItem.minecraft.dark_oak_fence":8,"stat.useItem.minecraft.reeds":5,"stat.pickup.minecraft.dye":349,"stat.pickup.minecraft.planks":13,"stat.drop.minecraft.minecart":49,"stat.pickup.minecraft.wheat_seeds":6,"stat.useItem.minecraft.enchanting_table":1,"stat.drop.minecraft.record_ward":2,"stat.pickup.minecraft.poisonous_potato":69,"stat.flowerPotted":15,"stat.drop.minecraft.paper":65,"stat.useItem.minecraft.bread":7,"stat.drop.minecraft.rotten_flesh":95,"stat.useItem.minecraft.cobblestone":121,"stat.craftItem.minecraft.leather_boots":4,"stat.useItem.minecraft.gravel":338,"stat.minecartOneCm":177537,"stat.drop.minecraft.record_far":3,"stat.useItem.minecraft.jungle_fence_gate":2,"stat.drop.minecraft.glass_pane":64,"stat.pickup.minecraft.iron_pickaxe":5,"stat.drop.minecraft.carrot":3,"stat.useItem.minecraft.yellow_flower":3,"stat.pickup.minecraft.hopper":8,"stat.drop.minecraft.sapling":15,"stat.pickup.minecraft.tipped_arrow":1,"stat.useItem.minecraft.tallgrass":522,"stat.pickup.minecraft.apple":27,"stat.useItem.minecraft.glass_pane":58,"stat.pickup.minecraft.banner":12,"stat.pickup.minecraft.coal_block":193,"stat.drop.minecraft.fish":5,"stat.pickup.minecraft.carrot_on_a_stick":3,"stat.useItem.minecraft.iron_sword":21,"stat.useItem.minecraft.barrier":122,"stat.drop.minecraft.hopper_minecart":7,"stat.pickup.minecraft.stone_sword":17,"stat.drop.minecraft.comparator":1,"stat.pickup.minecraft.book":6,"stat.useItem.minecraft.stonebrick":5145,"stat.useItem.minecraft.monster_egg":60,"stat.useItem.minecraft.spruce_door":31,"stat.drop.minecraft.leather_leggings":13,"stat.pickup.minecraft.red_flower":3,"stat.pickup.minecraft.wool":154,"stat.pickup.minecraft.cooked_fish":1,"stat.drop.minecraft.observer":5,"stat.pickup.minecraft.tripwire_hook":2,"stat.pickup.minecraft.bookshelf":2,"stat.drop.minecraft.stone_shovel":8,"stat.pickup.minecraft.stone_pickaxe":11,"stat.pickup.minecraft.flint":15,"stat.useItem.minecraft.skull":4,"stat.pickup.minecraft.leather_chestplate":25,"stat.drop.minecraft.record_blocks":2,"stat.useItem.minecraft.snow":1560,"stat.drop.minecraft.saddle":13,"stat.useItem.minecraft.concrete_powder":14,"stat.pickup.minecraft.enchanted_book":6,"stat.pickup.minecraft.glowstone":3,"stat.drop.minecraft.cobblestone":1029,"stat.useItem.minecraft.coal_block":169,"stat.pickup.minecraft.writable_book":23,"stat.useItem.minecraft.obsidian":16,"stat.pickup.minecraft.furnace_minecart":6,"stat.pickup.minecraft.sticky_piston":3,"stat.pickup.minecraft.bow":17,"stat.pickup.minecraft.iron_boots":4,"stat.pickup.minecraft.stone_hoe":1,"stat.drop.minecraft.daylight_detector":3,"stat.drop.minecraft.golden_helmet":1,"stat.pickup.minecraft.pumpkin_pie":1,"stat.pickup.minecraft.shears":2,"stat.pickup.minecraft.record_chirp":1,"stat.useItem.minecraft.spruce_fence_gate":12,"stat.drop.minecraft.record_cat":2,"stat.pickup.minecraft.diamond_leggings":23,"stat.useItem.minecraft.brick_block":228,"stat.flyOneCm":40568840,"stat.drop.minecraft.iron_helmet":2,"stat.pickup.minecraft.sandstone":384,"stat.pickup.minecraft.fish":38,"stat.drop.minecraft.chainmail_chestplate":3,"stat.drop.minecraft.snow_layer":2,"stat.timeSinceDeath":311,"stat.useItem.minecraft.melon_block":17,"stat.useItem.minecraft.wooden_slab":2705,"stat.drop.minecraft.repeater":2,"stat.drop.minecraft.record_mellohi":2,"stat.useItem.minecraft.potato":9,"stat.pickup.minecraft.chainmail_helmet":6,"stat.drop.minecraft.flint_and_steel":1,"stat.killEntity.Wolf":7,"stat.drop.minecraft.wool":64,"stat.pickup.minecraft.shield":17,"stat.killEntity.Creeper":2,"stat.useItem.minecraft.armor_stand":6,"stat.pickup.minecraft.wooden_sword":16,"stat.pickup.minecraft.string":55,"stat.drop.minecraft.redstone_lamp":3,"stat.entityKilledBy.Skeleton":1,"stat.drop.minecraft.oak_stairs":1,"stat.useItem.minecraft.written_book":21,"stat.useItem.minecraft.dropper":10,"stat.sprintOneCm":9269138,"stat.pickup.minecraft.chest_minecart":10,"stat.useItem.minecraft.hay_block":311,"stat.drop.minecraft.stone_hoe":1,"stat.useItem.minecraft.structure_block":42,"stat.drop.minecraft.lava_bucket":4,"stat.pickup.minecraft.leather_leggings":23,"stat.pickup.minecraft.vine":1,"stat.craftItem.minecraft.leather_chestplate":1,"stat.useItem.minecraft.ladder":83,"stat.useItem.minecraft.diamond_ore":10,"stat.killEntity.Zombie":22,"stat.pickup.minecraft.snowball":11,"stat.useItem.minecraft.birch_stairs":77,"stat.diveOneCm":149429,"stat.pickup.minecraft.wheat":69,"stat.useItem.minecraft.sticky_piston":1,"stat.pickup.minecraft.sign":17,"stat.drop.minecraft.bookshelf":1,"stat.drop.minecraft.ladder":130,"stat.pickup.minecraft.stone_axe":36,"stat.pickup.minecraft.obsidian":1,"stat.drop.minecraft.apple":2,"stat.drop.minecraft.sandstone":192,"stat.jump":27326,"stat.useItem.minecraft.iron_trapdoor":54,"stat.useItem.minecraft.sand":21,"stat.pickup.minecraft.coal":5447,"stat.pickup.minecraft.hopper_minecart":7,"stat.pickup.minecraft.gunpowder":7,"stat.pickup.minecraft.dirt":2,"stat.drop.minecraft.iron_shovel":2,"stat.useItem.minecraft.glass":3,"stat.useItem.minecraft.dispenser":50,"stat.pickup.minecraft.stone_shovel":8,"stat.drop.minecraft.barrier":1,"stat.useItem.minecraft.sapling":798,"stat.pickup.minecraft.command_block":2,"stat.pickup.minecraft.iron_axe":7,"stat.pickup.minecraft.cookie":24,"stat.brewingstandInteraction":19,"stat.damageTaken":9089,"stat.useItem.minecraft.stone_brick_stairs":332,"stat.pickup.minecraft.written_book":89,"stat.useItem.minecraft.gold_block":32,"stat.useItem.minecraft.acacia_door":7,"stat.noteblockTuned":78,"stat.pickup.minecraft.concrete":2,"stat.useItem.minecraft.birch_fence":60,"stat.pickup.minecraft.potato":8,"stat.pickup.minecraft.rabbit_hide":1,"stat.useItem.minecraft.snow_layer":5399,"stat.pickup.minecraft.record_wait":2,"stat.useItem.minecraft.command_block":215,"stat.useItem.minecraft.chest":355,"stat.drop.minecraft.wheat":64,"stat.drop.minecraft.noteblock":3,"stat.useItem.minecraft.pumpkin":8,"stat.pickup.minecraft.noteblock":3,"stat.useItem.minecraft.tnt":46,"stat.useItem.minecraft.gold_ore":117,"stat.useItem.minecraft.lava_bucket":5,"stat.useItem.minecraft.birch_fence_gate":2,"stat.drop.minecraft.record_chirp":1,"stat.drop.minecraft.potato":1,"stat.useItem.minecraft.stained_hardened_clay":39,"stat.pickup.minecraft.cooked_beef":7,"stat.pickup.minecraft.ladder":141,"stat.useItem.minecraft.concrete":357,"stat.useItem.minecraft.netherrack":8,"stat.drop.minecraft.lever":2,"stat.useItem.minecraft.tripwire_hook":6,"stat.drop.minecraft.cookie":7,"stat.mobKills":70,"stat.pickup.minecraft.diamond_boots":22,"stat.useItem.minecraft.mossy_cobblestone":38,"stat.useItem.minecraft.cobblestone_wall":525,"stat.pickup.minecraft.iron_horse_armor":5,"stat.pickup.minecraft.torch":63,"stat.drop.minecraft.stone_axe":6,"stat.drop.minecraft.arrow":448,"stat.drop.minecraft.shears":1,"stat.useItem.minecraft.string":14,"stat.drop.minecraft.armor_stand":1,"stat.useItem.minecraft.end_bricks":178,"stat.useItem.minecraft.chain_command_block":58,"stat.useItem.minecraft.bookshelf":196,"stat.pickup.minecraft.record_stal":3,"stat.useItem.minecraft.soul_sand":174,"stat.drop.minecraft.shield":3,"stat.pickup.minecraft.fishing_rod":6,"stat.useItem.minecraft.planks":2427,"stat.useItem.minecraft.nether_brick_stairs":7,"stat.pickup.minecraft.golden_boots":2,"stat.pickup.minecraft.glowstone_dust":8,"stat.drop.minecraft.bowl":87,"stat.pickup.minecraft.glass":1,"stat.useItem.minecraft.water_bucket":161,"stat.drop.minecraft.poisonous_potato":67,"stat.pickup.minecraft.sand":50,"stat.drop.minecraft.golden_leggings":2,"stat.pickup.minecraft.splash_potion":18,"stat.pickup.minecraft.observer":5,"stat.drop.minecraft.splash_potion":16,"stat.drop.minecraft.jukebox":2,"stat.useItem.minecraft.brown_mushroom":23,"stat.pickup.minecraft.chainmail_chestplate":10,"stat.hopperInspected":84,"stat.useItem.minecraft.spawn_egg":3,"stat.pickup.minecraft.ghast_tear":4,"stat.pickup.minecraft.armor_stand":1,"stat.trappedChestTriggered":3,"stat.useItem.minecraft.oak_stairs":140,"stat.drop.minecraft.spruce_door":4,"stat.useItem.minecraft.dark_oak_stairs":308,"stat.pickup.minecraft.wooden_button":1,"stat.drop.minecraft.stone_slab":1,"stat.useItem.minecraft.minecart":53,"stat.pickup.minecraft.furnace":5,"stat.useItem.minecraft.redstone":100,"stat.drop.minecraft.diamond_helmet":18,"stat.drop.minecraft.monster_egg":512,"stat.drop.minecraft.fishing_rod":2,"stat.pickup.minecraft.iron_chestplate":5,"stat.useItem.minecraft.stone_stairs":700,"stat.drop.minecraft.record_stal":3,"stat.drop.minecraft.pumpkin_seeds":1,"stat.pickup.minecraft.golden_carrot":10,"stat.pickup.minecraft.pumpkin_seeds":1,"stat.drop.minecraft.iron_horse_armor":4,"stat.useItem.minecraft.hopper":128,"stat.pickup.minecraft.saddle":13,"stat.playOneMinute":5015935,"stat.drop.minecraft.string":12,"stat.drop.minecraft.chest":4,"stat.pickup.minecraft.iron_bars":192,"stat.pickup.minecraft.dispenser":5,"stat.drop.minecraft.record_mall":2,"stat.pickup.minecraft.netherrack":1,"stat.pickup.minecraft.spruce_door":7,"stat.drop.minecraft.hopper":1,"stat.useItem.minecraft.sponge":1,"stat.useItem.minecraft.packed_ice":759,"stat.fallOneCm":24238,"stat.drop.minecraft.stone":2625,"stat.drop.minecraft.dye":193,"stat.useItem.minecraft.trapped_chest":1,"stat.pickup.minecraft.melon_seeds":1,"stat.pickup.minecraft.dropper":4,"stat.useItem.minecraft.nether_brick_fence":2,"stat.drop.minecraft.book":5,"stat.pickup.minecraft.red_mushroom":110,"stat.pickup.minecraft.golden_leggings":4,"stat.dropperInspected":24,"stat.pickup.minecraft.comparator":1,"stat.useItem.minecraft.golden_rail":37,"stat.pickup.minecraft.feather":78,"stat.drop.minecraft.iron_leggings":2,"stat.drop.minecraft.bone":6,"stat.pickup.minecraft.record_cat":2,"stat.useItem.minecraft.furnace":73,"stat.pickup.minecraft.monster_egg":512,"stat.pickup.minecraft.iron_leggings":4,"stat.pickup.minecraft.lead":7,"stat.useItem.minecraft.wool":910,"stat.drop.minecraft.reeds":2,"stat.pickup.minecraft.chainmail_boots":13,"stat.drop.minecraft.stick":3,"stat.useItem.minecraft.iron_bars":392,"stat.drop.minecraft.iron_axe":3,"stat.pickup.minecraft.record_13":1,"stat.pickup.minecraft.flint_and_steel":3,"stat.drop.minecraft.record_11":1,"stat.pickup.minecraft.record_11":1,"stat.useItem.minecraft.bone_block":3,"stat.drop.minecraft.record_13":1,"stat.useItem.minecraft.torch":54,"stat.pickup.minecraft.golden_apple":8,"stat.pickup.minecraft.crafting_table":5,"stat.useItem.minecraft.log":124,"stat.useItem.minecraft.comparator":8,"stat.pickup.minecraft.log":899,"stat.pickup.minecraft.compass":2,"stat.pickup.minecraft.web":76,"stat.drop.minecraft.planks":1,"stat.pickup.minecraft.chainmail_leggings":15,"stat.pickup.minecraft.sapling":22,"stat.drop.minecraft.melon_seeds":1,"stat.useItem.minecraft.deadbush":32,"stat.useItem.minecraft.birch_door":6,"stat.drop.minecraft.bow":5,"stat.pickup.minecraft.beetroot":4,"stat.drop.minecraft.golden_chestplate":1,"stat.pickup.minecraft.diamond_helmet":21,"stat.drop.minecraft.dropper":4,"stat.useItem.minecraft.jungle_door":4,"stat.useItem.minecraft.wooden_pressure_plate":3,"stat.useItem.minecraft.beetroot_seeds":3,"stat.sneakTime":56824,"stat.pickup.minecraft.rabbit":16,"stat.drop.minecraft.bucket":3,"stat.pickup.minecraft.stone_slab":9,"stat.useItem.minecraft.brewing_stand":5,"stat.pickup.minecraft.golden_rail":5,"stat.pickup.minecraft.chest":9,"stat.useItem.minecraft.web":242,"stat.craftItem.minecraft.leather_leggings":2,"stat.drop.minecraft.stone_pickaxe":10,"stat.pickup.minecraft.bone":163,"stat.pickup.minecraft.stone_pressure_plate":1,"stat.pickup.minecraft.redstone_torch":8,"stat.drop.minecraft.beetroot":1,"stat.useItem.minecraft.repeater":35,"stat.drop.minecraft.tripwire_hook":1,"stat.pickup.minecraft.record_blocks":2,"stat.drop.minecraft.glowstone_dust":8,"stat.useItem.minecraft.log2":94,"stat.drop.minecraft.leather_helmet":13,"stat.pickup.minecraft.beetroot_soup":1,"stat.useItem.minecraft.diamond_sword":150,"stat.swimOneCm":77865,"stat.climbOneCm":22629,"stat.drop.minecraft.sticky_piston":3,"stat.useItem.minecraft.end_rod":26,"stat.enderchestOpened":6,"stat.useItem.minecraft.redstone_torch":12,"stat.pickup.minecraft.golden_helmet":2,"stat.useItem.minecraft.dirt":250,"stat.drop.minecraft.writable_book":6,"stat.drop.minecraft.brick":384,"stat.useItem.minecraft.red_flower":35,"stat.pickup.minecraft.daylight_detector":3,"stat.drop.minecraft.web":4,"stat.pickup.minecraft.anvil":1,"stat.useItem.minecraft.detector_rail":1,"stat.pickup.minecraft.cobblestone":1036,"stat.drop.minecraft.fence":128,"stat.useItem.minecraft.yellow_glazed_terracotta":5,"stat.killEntity.ZombieHorse":13,"stat.useItem.minecraft.red_mushroom":19,"stat.drop.minecraft.wheat_seeds":4,"stat.pickup.minecraft.golden_pickaxe":1,"stat.pickup.minecraft.redstone":196,"stat.useItem.minecraft.sign":304,"stat.drop.minecraft.log":896,"stat.useItem.minecraft.noteblock":8,"stat.drop.minecraft.coal":5274,"stat.useItem.minecraft.lever":74,"stat.pickup.minecraft.cake":8,"stat.pickup.minecraft.wooden_axe":15,"stat.drop.minecraft.iron_bars":128,"stat.pickup.minecraft.dark_oak_door":1,"stat.drop.minecraft.golden_boots":2,"stat.pickup.minecraft.stonebrick":33,"stat.pickup.minecraft.redstone_lamp":3,"stat.pickup.minecraft.iron_shovel":4,"stat.pickup.minecraft.carpet":3,"stat.useItem.minecraft.acacia_stairs":17,"stat.pickup.minecraft.snow_layer":3,"stat.useItem.minecraft.sea_lantern":65,"stat.drop.minecraft.compass":1,"stat.useItem.minecraft.spruce_fence":104,"stat.pickup.minecraft.paper":65,"stat.drop.minecraft.potion":25,"stat.useItem.minecraft.stone_slab":870,"stat.pickup.minecraft.speckled_melon":12,"stat.useItem.minecraft.bed":7,"stat.drop.minecraft.carrot_on_a_stick":3,"stat.craftItem.minecraft.stone":6,"stat.useItem.minecraft.stone_pressure_plate":2,"stat.drop.minecraft.leaves":9,"stat.useItem.minecraft.carrot":10,"stat.useItem.minecraft.ender_eye":15,"stat.pickup.minecraft.diamond_chestplate":24,"stat.drop.minecraft.dispenser":5,"stat.entityKilledBy.Creeper":1,"stat.drop":847,"stat.pickup.minecraft.stone_button":10,"stat.pickup.minecraft.jukebox":2,"stat.pickup.minecraft.slime_ball":27,"stat.drop.minecraft.iron_boots":2,"stat.pickup.minecraft.golden_chestplate":2,"stat.useItem.minecraft.melon_seeds":4,"stat.drop.minecraft.bread":4,"stat.pickup.minecraft.record_strad":3,"stat.useItem.minecraft.structure_void":2,"stat.useItem.minecraft.quartz_stairs":286,"stat.pickup.minecraft.gravel":2,"stat.useItem.minecraft.black_glazed_terracotta":29,"stat.drop.minecraft.chainmail_helmet":4,"stat.useItem.minecraft.carpet":502,"stat.useItem.minecraft.stained_glass_pane":266,"stat.useItem.minecraft.flower_pot":21,"stat.pickup.minecraft.brick":384,"stat.useItem.minecraft.bedrock":278,"stat.useItem.minecraft.wooden_hoe":4,"stat.pickup.minecraft.fence":128,"stat.pickup.minecraft.iron_helmet":4,"stat.useItem.minecraft.piston":1,"stat.pickup.minecraft.spider_eye":145,"stat.useItem.minecraft.stone_button":82,"stat.pickup.minecraft.experience_bottle":262,"stat.drop.minecraft.piston":3,"stat.pickup.minecraft.snow":1,"stat.drop.minecraft.pumpkin_pie":1,"stat.useItem.minecraft.redstone_lamp":128,"stat.pickup.minecraft.leaves":16,"stat.pickup.minecraft.leather":86,"stat.dispenserInspected":42,"stat.pickup.minecraft.reeds":2,"stat.killEntity.CaveSpider":6,"stat.useItem.minecraft.end_portal_frame":15,"stat.useItem.minecraft.magma":1,"stat.pickup.minecraft.oak_stairs":1,"stat.damageDealt":11505,"stat.sleepInBed":3,"stat.craftItem.minecraft.baked_potato":1,"stat.useItem.minecraft.crafting_table":138,"stat.pickup.minecraft.minecart":49,"stat.useItem.minecraft.cyan_glazed_terracotta":57,"stat.pickup.minecraft.piston":3,"stat.walkOneCm":8142136,"stat.pickup.minecraft.stick":50,"stat.drop.minecraft.vine":1,"stat.drop.minecraft.record_wait":2,"stat.useItem.minecraft.redstone_block":183,"stat.drop.minecraft.leather_chestplate":11,"stat.drop.minecraft.iron_chestplate":2,"stat.pickup.minecraft.stone":3018,"stat.useItem.minecraft.spruce_stairs":998,"stat.drop.minecraft.diamond_leggings":19,"stat.mineBlock.minecraft.packed_ice":8,"stat.useItem.minecraft.leaves":11,"stat.drop.minecraft.command_block":1,"stat.pickup.minecraft.gold_ingot":1,"stat.useItem.minecraft.prismarine":5,"stat.killEntity.Skeleton":2,"stat.pickup.minecraft.barrier":1,"stat.drop.minecraft.furnace_minecart":6,"stat.pickup.minecraft.record_mall":2,"stat.pickup.minecraft.record_mellohi":2,"stat.drop.minecraft.chainmail_boots":3,"stat.drop.minecraft.crafting_table":4,"stat.killEntity.Spider":11,"stat.pickup.minecraft.bread":116,"stat.drop.minecraft.chest_minecart":10,"stat.drop.minecraft.diamond_boots":17,"stat.useItem.minecraft.golden_apple":3,"stat.pickup.minecraft.water_bucket":2,"stat.pickup.minecraft.golden_shovel":3,"stat.pickup.minecraft.lava_bucket":4,"stat.useItem.minecraft.sandstone":77}